0.826808,0.745953,1.08497,0,0,-1.62589,0.186309,0.0914159,-0.0109834,0,-7.76214e-15,-1.38413e-14,1.53642,0.0159308,0.202153,0.0601319,0.501218,-3.81729e-15,-8.34112e-15,0,-1.79006,-0.0898528,0.136635,0.125216,-0.242657,2.51215e-15,-4.47476e-15,0,-2.89345e-16,-3.92523e-16,0,8.74376e-15,-3.28103e-16,1.20553e-15,0,-2.89345e-16,-3.92523e-16,0,8.74376e-15,-3.28103e-16,1.20553e-15,0,1378838182,73487,
0.823537,0.744999,1.08411,0,0,-1.64004,0.179376,0.0915886,-0.0111874,0,-7.8014e-15,-1.3888e-14,1.53765,0.0182503,0.213348,0.0615804,0.505421,-3.99392e-15,-8.05654e-15,0,-1.78154,-0.0889323,0.130022,0.126246,-0.266622,2.51215e-15,-4.47476e-15,0,-3.00518e-16,-3.53271e-16,0,8.72889e-15,-2.79937e-16,1.24567e-15,0,-3.00518e-16,-3.53271e-16,0,8.72889e-15,-2.79937e-16,1.24567e-15,0,1378838182,98116,
0.823537,0.744999,1.08411,0,0,-1.64004,0.179376,0.0915886,-0.0111874,0,-7.83084e-15,-1.37432e-14,1.53765,0.0182503,0.213348,0.0615804,0.505421,-4.13131e-15,-7.93878e-15,0,-1.78154,-0.0889323,0.130022,0.126246,-0.266622,2.51215e-15,-4.47476e-15,0,-3.09091e-16,-3.33645e-16,0,8.74108e-15,-2.57633e-16,1.27794e-15,0,-3.09091e-16,-3.33645e-16,0,8.74108e-15,-2.57633e-16,1.27794e-15,0,1378838182,123394,
0.822522,0.745092,1.08478,0,0,-1.65972,0.175319,0.0955444,-0.0117654,0,-8.03691e-15,-1.37579e-14,1.53066,0.0299535,0.184317,0.071767,0.559357,-4.18037e-15,-8.07616e-15,0,-1.78054,-0.0873695,0.159532,0.143045,-0.32122,2.59065e-15,-4.39626e-15,0,-3.17185e-16,-4.02336e-16,0,8.67848e-15,-1.7604e-16,1.38848e-15,0,-3.17185e-16,-4.02336e-16,0,8.67848e-15,-1.7604e-16,1.38848e-15,0,1378838182,148080,
0.820387,0.745828,1.08068,0,0,-1.66602,0.17309,0.0978785,-0.0121131,0,-8.17429e-15,-1.38855e-14,1.51206,0.0420254,0.111984,0.0797491,0.593956,-4.10187e-15,-8.34112e-15,0,-1.77492,-0.093685,0.16293,0.148787,-0.340728,2.59065e-15,-4.55327e-15,0,-4.02438e-16,-4.36682e-16,0,8.61283e-15,-3.2168e-16,1.2211e-15,0,-4.02438e-16,-4.36682e-16,0,8.61283e-15,-3.2168e-16,1.2211e-15,0,1378838182,173373,
0.820979,0.745943,1.0838,0,0,-1.66201,0.1784,0.0992732,-0.0121309,0,-8.07616e-15,-1.39125e-14,1.49183,0.060551,0.0719774,0.0887865,0.605609,-4.22944e-15,-8.18411e-15,0,-1.77541,-0.0976659,0.144958,0.160051,-0.355054,2.66916e-15,-4.47476e-15,0,-3.89498e-16,-3.7535e-16,0,8.64134e-15,-1.61476e-16,1.24442e-15,0,-3.89498e-16,-3.7535e-16,0,8.64134e-15,-1.61476e-16,1.24442e-15,0,1378838182,198593,
0.819756,0.746212,1.08937,0,0,-1.6692,0.182854,0.114824,-0.0138834,0,-8.05654e-15,-1.38732e-14,1.48728,0.0948246,0.0675502,0.0982824,0.614968,-4.20981e-15,-8.30186e-15,0,-1.77216,-0.095692,0.130493,0.168813,-0.373673,2.74766e-15,-4.39626e-15,0,-3.0169e-16,-3.44684e-16,0,8.68627e-15,-1.28125e-16,1.301e-15,0,-3.0169e-16,-3.44684e-16,0,8.68627e-15,-1.28125e-16,1.301e-15,0,1378838182,223347,
0.819756,0.746212,1.08937,0,0,-1.6692,0.182854,0.114824,-0.0138834,0,-8.03691e-15,-1.38487e-14,1.48728,0.0948246,0.0675502,0.0982824,0.614968,-4.20981e-15,-8.30186e-15,0,-1.77216,-0.095692,0.130493,0.168813,-0.373673,2.82617e-15,-4.39626e-15,0,-2.33678e-16,-4.07856e-16,0,8.72406e-15,0,1.21008e-15,0,-2.33678e-16,-4.07856e-16,0,8.72406e-15,0,1.21008e-15,0,1378838182,248141,
0.81771,0.747185,1.09358,0,0,-1.67203,0.182967,0.130583,-0.0158135,0,-8.13504e-15,-1.3807e-14,1.47572,0.149137,0.04537,0.10822,0.594219,-4.30303e-15,-8.18411e-15,0,-1.76519,-0.0975934,0.10794,0.17589,-0.366568,2.82617e-15,-4.55327e-15,0,-1.81162e-16,-4.39442e-16,0,8.78987e-15,0,1.38744e-15,0,-1.81162e-16,-4.39442e-16,0,8.78987e-15,0,1.38744e-15,0,1378838182,273630,
0.814998,0.746624,1.09212,0,0,-1.66338,0.183838,0.136053,-0.0164754,0,-7.99766e-15,-1.37751e-14,1.47796,0.187514,0.087822,0.111008,0.575996,-4.31775e-15,-8.26261e-15,0,-1.75753,-0.0975659,0.0963118,0.177109,-0.344032,2.74766e-15,-4.63177e-15,0,-2.18564e-16,-2.98226e-16,0,8.964e-15,2.14918e-16,1.49324e-15,0,-2.18564e-16,-2.98226e-16,0,8.964e-15,2.14918e-16,1.49324e-15,0,1378838182,298206,
0.81399,0.746031,1.09752,0,0,-1.65339,0.191175,0.15346,-0.0183186,0,-7.88971e-15,-1.36831e-14,1.47232,0.230889,0.156946,0.119545,0.572607,-4.23434e-15,-8.35093e-15,0,-1.76644,-0.0951916,0.143311,0.187346,-0.34637,2.74766e-15,-4.94579e-15,0,-1.68431e-16,-3.84627e-16,0,8.88615e-15,1.93271e-16,1.46829e-15,0,-1.68431e-16,-3.84627e-16,0,8.88615e-15,1.93271e-16,1.46829e-15,0,1378838182,323361,
0.81399,0.746031,1.09752,0,0,-1.65339,0.191175,0.15346,-0.0183186,0,-7.6542e-15,-1.35923e-14,1.47232,0.230889,0.156946,0.119545,0.572607,-4.16565e-15,-8.29205e-15,0,-1.76644,-0.0951916,0.143311,0.187346,-0.34637,2.74766e-15,-5.1028e-15,0,0,-3.49323e-16,0,8.88254e-15,0,1.53071e-15,0,0,-3.49323e-16,0,8.88254e-15,0,1.53071e-15,0,1378838182,348487,
0.813074,0.74494,1.09243,0,0,-1.62014,0.199783,0.163874,-0.0192404,0,-7.6542e-15,-1.36304e-14,1.46551,0.26883,0.221714,0.119019,0.568969,-4.06752e-15,-8.23317e-15,0,-1.76205,-0.0964051,0.106719,0.18547,-0.329385,2.82617e-15,-5.25981e-15,0,0,-3.31671e-16,0,9.05539e-15,-1.68091e-16,1.49925e-15,0,0,-3.31671e-16,0,9.05539e-15,-1.68091e-16,1.49925e-15,0,1378838182,373460,
0.812735,0.743728,1.08983,0,0,-1.57848,0.213761,0.169973,-0.0192862,0,-7.6542e-15,-1.36659e-14,1.45369,0.300145,0.32253,0.119065,0.564656,-3.92032e-15,-8.42943e-15,0,-1.76904,-0.0977074,0.129073,0.155514,-0.27108,2.74766e-15,-4.86729e-15,0,0,-4.01349e-16,0,9.07214e-15,-3.44641e-16,1.34326e-15,0,0,-4.01349e-16,0,9.07214e-15,-3.44641e-16,1.34326e-15,0,1378838182,398107,
0.811959,0.742788,1.08617,0,0,-1.54099,0.229465,0.193852,-0.0211793,0,-7.5757e-15,-1.37469e-14,1.43597,0.336827,0.403688,0.118934,0.586334,-3.93995e-15,-8.41962e-15,0,-1.77075,-0.097757,0.101937,0.136599,-0.240372,2.74766e-15,-4.78878e-15,0,0,-3.57684e-16,0,8.96717e-15,-3.03023e-16,1.47432e-15,0,0,-3.57684e-16,0,8.96717e-15,-3.03023e-16,1.47432e-15,0,1378838182,423149,
0.811959,0.742788,1.08617,0,0,-1.54099,0.229465,0.193852,-0.0211793,0,-7.43831e-15,-1.38647e-14,1.43597,0.336827,0.403688,0.118934,0.586334,-3.9743e-15,-8.43925e-15,0,-1.77075,-0.097757,0.101937,0.136599,-0.240372,2.74766e-15,-4.78878e-15,0,0,-3.35851e-16,0,8.93651e-15,-2.568e-16,1.50919e-15,0,0,-3.35851e-16,0,8.93651e-15,-2.568e-16,1.50919e-15,0,1378838182,448372,
0.81015,0.741153,1.0842,0,0,-1.48627,0.253763,0.208012,-0.0211078,0,-7.26168e-15,-1.37371e-14,1.41015,0.367058,0.52125,0.117807,0.612835,-4.01355e-15,-8.51775e-15,0,-1.76782,-0.105384,0.0396654,0.130764,-0.199705,2.66916e-15,-4.94579e-15,0,0,-4.03439e-16,0,9.08911e-15,-4.45558e-16,1.52222e-15,0,0,-4.03439e-16,0,9.08911e-15,-4.45558e-16,1.52222e-15,0,1378838182,473489,
0.809756,0.73922,1.08129,0,0,-1.44449,0.278953,0.225454,-0.020999,0,-7.30093e-15,-1.36006e-14,1.37443,0.398375,0.610394,0.115525,0.634982,-4.03808e-15,-8.67476e-15,0,-1.76373,-0.104111,-0.0466236,0.124871,-0.179534,2.59065e-15,-4.94579e-15,0,0,-3.58729e-16,0,9.05311e-15,-4.33136e-16,1.49273e-15,0,0,-3.58729e-16,0,9.05311e-15,-4.33136e-16,1.49273e-15,0,1378838182,498212,
0.808887,0.7374,1.07767,0,0,-1.4,0.305378,0.244683,-0.0205479,0,-7.2813e-15,-1.35325e-14,1.33083,0.436145,0.703541,0.113359,0.646229,-3.86635e-15,-8.7042e-15,0,-1.75676,-0.108202,-0.143878,0.122214,-0.157194,2.66916e-15,-4.86729e-15,0,0,-3.36374e-16,0,9.13597e-15,-4.07295e-16,1.56085e-15,0,0,-3.36374e-16,0,9.13597e-15,-4.07295e-16,1.56085e-15,0,1378838182,523362,
0.808887,0.7374,1.07767,0,0,-1.4,0.305378,0.244683,-0.0205479,0,-7.2813e-15,-1.34809e-14,1.33083,0.436145,0.703541,0.113359,0.646229,-3.64065e-15,-8.77289e-15,0,-1.75676,-0.108202,-0.143878,0.122214,-0.157194,2.74766e-15,-4.94579e-15,0,0,-3.25196e-16,0,9.26709e-15,-4.14933e-16,1.56901e-15,0,0,-3.25196e-16,0,9.26709e-15,-4.14933e-16,1.56901e-15,0,1378838182,548090,
0.806327,0.734571,1.07276,0,0,-1.36738,0.322124,0.261102,-0.0203362,0,-7.24205e-15,-1.35177e-14,1.29028,0.475615,0.790769,0.114782,0.653581,-3.54743e-15,-8.76308e-15,0,-1.74208,-0.103225,-0.237878,0.114677,-0.152501,2.82617e-15,-4.94579e-15,0,0,-3.19607e-16,0,9.33823e-15,-5.17008e-16,1.48723e-15,0,0,-3.19607e-16,0,9.33823e-15,-5.17008e-16,1.48723e-15,0,1378838182,573414,
0.804434,0.730643,1.06611,0,0,-1.33918,0.339398,0.275471,-0.0196877,0,-7.16355e-15,-1.34041e-14,1.27218,0.513471,0.870502,0.0941956,0.624291,-3.60631e-15,-8.71892e-15,0,-1.72341,-0.0942641,-0.356885,0.107443,-0.145074,2.82617e-15,-4.71028e-15,0,0,-3.16813e-16,0,9.4551e-15,-3.54404e-16,1.48471e-15,0,0,-3.16813e-16,0,9.4551e-15,-3.54404e-16,1.48471e-15,0,1378838182,598055,
0.800404,0.728856,1.05843,0,0,-1.28707,0.361689,0.282535,-0.0174722,0,-7.12429e-15,-1.35157e-14,1.23001,0.53444,0.978752,0.0826939,0.62615,-3.59649e-15,-8.64042e-15,0,-1.70347,-0.111714,-0.630754,0.102755,-0.114111,2.90467e-15,-4.39626e-15,0,0,-3.15416e-16,0,9.51494e-15,-4.71617e-16,1.30776e-15,0,0,-3.15416e-16,0,9.51494e-15,-4.71617e-16,1.30776e-15,0,1378838182,623328,
0.800404,0.728856,1.05843,0,0,-1.28707,0.361689,0.282535,-0.0174722,0,-7.10467e-15,-1.36e-14,1.23001,0.53444,0.978752,0.0826939,0.62615,-3.59649e-15,-8.64532e-15,0,-1.70347,-0.111714,-0.630754,0.102755,-0.114111,3.06168e-15,-4.23925e-15,0,0,-3.14717e-16,0,9.54555e-15,-5.66019e-16,1.40692e-15,0,0,-3.14717e-16,0,9.54555e-15,-5.66019e-16,1.40692e-15,0,1378838182,648106,
0.795643,0.725162,1.0512,0,0,-1.25511,0.379455,0.295872,-0.0161182,0,-7.00654e-15,-1.37579e-14,1.19153,0.57041,1.08441,0.0776394,0.626197,-3.72897e-15,-8.90046e-15,0,-1.67411,-0.113108,-0.899368,0.103395,-0.12027,3.06168e-15,-4.31775e-15,0,0,-3.14368e-16,0,9.63971e-15,-6.11634e-16,1.31514e-15,0,0,-3.14368e-16,0,9.63971e-15,-6.11634e-16,1.31514e-15,0,1378838182,673222,
0.794773,0.723284,1.04239,0,0,-1.2426,0.388815,0.309756,-0.0157637,0,-6.98691e-15,-1.38475e-14,1.13942,0.622233,1.21212,0.0775214,0.615844,-3.68236e-15,-8.85262e-15,0,-1.66366,-0.0628236,-0.45385,0.127324,-0.196554,3.06168e-15,-4.39626e-15,0,0,-3.14193e-16,0,9.68697e-15,-6.53728e-16,1.1595e-15,0,0,-3.14193e-16,0,9.68697e-15,-6.53728e-16,1.1595e-15,0,1378838182,698119,
0.79879,0.723567,1.04109,0,0,-1.24697,0.411428,0.338079,-0.0148142,0,-6.90841e-15,-1.39125e-14,1.06276,0.674803,1.32211,0.0779606,0.598113,-3.56046e-15,-8.86397e-15,0,-1.67587,-0.0379362,-0.294959,0.157305,-0.249329,3.06168e-15,-4.55327e-15,0,0,-3.14106e-16,0,9.71068e-15,-6.97086e-16,1.02689e-15,0,0,-3.14106e-16,0,9.71068e-15,-6.97086e-16,1.02689e-15,0,1378838182,723343,
0.79879,0.723567,1.04109,0,0,-1.24697,0.411428,0.338079,-0.0148142,0,-6.88878e-15,-1.39088e-14,1.06276,0.674803,1.32211,0.0779606,0.598113,-3.45267e-15,-8.91181e-15,0,-1.67587,-0.0379362,-0.294959,0.157305,-0.249329,3.06168e-15,-4.55327e-15,0,0,-3.14062e-16,0,9.72258e-15,-8.10302e-16,9.72483e-16,0,0,-3.14062e-16,0,9.72258e-15,-8.10302e-16,9.72483e-16,0,1378838182,748335,
0.802608,0.723572,1.03646,0,0,-1.24688,0.431577,0.357764,-0.0132252,0,-6.88878e-15,-1.39057e-14,0.98921,0.719484,1.44762,0.0759408,0.582854,-3.51554e-15,-8.90782e-15,0,-1.67909,-0.0225332,-0.225203,0.172147,-0.263232,2.98318e-15,-4.39626e-15,0,0,-3.1404e-16,0,9.72856e-15,-8.88951e-16,8.72748e-16,0,0,-3.1404e-16,0,9.72856e-15,-8.88951e-16,8.72748e-16,0,1378838182,773128,
0.805919,0.723214,1.03182,0,0,-1.24523,0.446044,0.373394,-0.0119058,0,-6.77102e-15,-1.39162e-14,0.923074,0.750578,1.5605,0.0774228,0.57183,-3.51799e-15,-8.93481e-15,0,-1.68041,-0.0120644,-0.157354,0.18117,-0.269094,2.98318e-15,-4.39626e-15,0,-1.57009e-16,-4.71039e-16,0,9.88856e-15,-1.02002e-15,9.04383e-16,0,-1.57009e-16,-4.71039e-16,0,9.88856e-15,-1.02002e-15,9.04383e-16,0,1378838182,798093,
0.8081,0.722963,1.02752,0,0,-1.23853,0.46087,0.386428,-0.0101426,0,-6.84953e-15,-1.37702e-14,0.864664,0.769929,1.65954,0.076154,0.564679,-3.48364e-15,-8.91027e-15,0,-1.67835,-0.00854806,-0.164217,0.186925,-0.260974,2.98318e-15,-4.55327e-15,0,-1.83458e-16,-6.28042e-16,0,9.81156e-15,-1.04978e-15,1.00021e-15,0,-1.83458e-16,-6.28042e-16,0,9.81156e-15,-1.04978e-15,1.00021e-15,0,1378838182,823296,
0.8081,0.722963,1.02752,0,0,-1.23853,0.46087,0.386428,-0.0101426,0,-6.88878e-15,-1.37285e-14,0.864664,0.769929,1.65954,0.076154,0.564679,-3.48364e-15,-8.91027e-15,0,-1.67835,-0.00854806,-0.164217,0.186925,-0.260974,2.98318e-15,-4.71028e-15,0,-2.01138e-16,-7.85049e-16,0,9.77307e-15,-1.11056e-15,9.3112e-16,0,-2.01138e-16,-7.85049e-16,0,9.77307e-15,-1.11056e-15,9.3112e-16,0,1378838182,848528,
0.807943,0.721467,1.02221,0,0,-1.21574,0.474291,0.389786,-0.00777448,0,-7.00654e-15,-1.36506e-14,0.812423,0.761899,1.72865,0.0742061,0.560697,-3.51308e-15,-8.91027e-15,0,-1.66415,-0.00897351,-0.172775,0.189344,-0.258877,3.06168e-15,-5.0243e-15,0,-1.33372e-16,-7.06543e-16,0,9.75382e-15,-1.09251e-15,9.55832e-16,0,-1.33372e-16,-7.06543e-16,0,9.75382e-15,-1.09251e-15,9.55832e-16,0,1378838182,873198,
0.808411,0.721012,1.01651,0,0,-1.20101,0.482059,0.390753,-0.00630277,0,-7.16355e-15,-1.37714e-14,0.766585,0.756319,1.78839,0.0750427,0.556122,-3.33645e-15,-8.92009e-15,0,-1.65219,-0.00965013,-0.202462,0.187541,-0.255682,2.98318e-15,-4.94579e-15,0,-2.44988e-16,-8.24299e-16,0,9.86195e-15,-1.03347e-15,9.97818e-16,0,-2.44988e-16,-8.24299e-16,0,9.86195e-15,-1.03347e-15,9.97818e-16,0,1378838182,898089,
0.809243,0.720774,1.01249,0,0,-1.18462,0.488891,0.389381,-0.00486582,0,-7.18317e-15,-1.37573e-14,0.735501,0.742161,1.81626,0.0744483,0.55537,-3.33645e-15,-8.87102e-15,0,-1.64393,-0.0127964,-0.21217,0.18736,-0.244336,3.14018e-15,-4.90654e-15,0,-2.39177e-16,-8.04673e-16,0,9.62163e-15,-1.12588e-15,1.014e-15,0,-2.39177e-16,-8.04673e-16,0,9.62163e-15,-1.12588e-15,1.014e-15,0,1378838182,923359,
0.809243,0.720774,1.01249,0,0,-1.18462,0.488891,0.389381,-0.00486582,0,-7.22243e-15,-1.36022e-14,0.735501,0.742161,1.81626,0.0744483,0.55537,-3.33645e-15,-8.87102e-15,0,-1.64393,-0.0127964,-0.21217,0.18736,-0.244336,3.25794e-15,-4.94579e-15,0,-2.35366e-16,-7.94859e-16,0,9.43277e-15,-1.05306e-15,1.06875e-15,0,-2.35366e-16,-7.94859e-16,0,9.43277e-15,-1.05306e-15,1.06875e-15,0,1378838182,948090,
0.809398,0.72101,1.00973,0,0,-1.1704,0.493378,0.389697,-0.00384215,0,-7.37943e-15,-1.35672e-14,0.710336,0.728634,1.83747,0.0724001,0.54463,-3.40514e-15,-8.9299e-15,0,-1.63859,-0.0173232,-0.209482,0.189215,-0.237092,3.3757e-15,-4.94579e-15,0,-1.53589e-16,-7.11448e-16,0,9.34325e-15,-9.45329e-16,1.08511e-15,0,-1.53589e-16,-7.11448e-16,0,9.34325e-15,-9.45329e-16,1.08511e-15,0,1378838182,973532,
0.809694,0.721375,1.00808,0,0,-1.15985,0.495511,0.384805,-0.00319347,0,-7.41869e-15,-1.34697e-14,0.696683,0.716204,1.84527,0.0730794,0.538192,-3.41495e-15,-9.082e-15,0,-1.63746,-0.01369,-0.181832,0.189008,-0.241859,3.21869e-15,-5.14205e-15,0,0,-8.26752e-16,0,9.3402e-15,-8.87126e-16,1.09024e-15,0,0,-8.26752e-16,0,9.3402e-15,-8.87126e-16,1.09024e-15,0,1378838182,998205,
0.811131,0.721549,1.00819,0,0,-1.14262,0.500457,0.375745,-0.00194886,0,-7.55607e-15,-1.33513e-14,0.686556,0.693006,1.85048,0.0720345,0.53783,-3.51308e-15,-9.10163e-15,0,-1.64429,-0.00950195,-0.115025,0.190964,-0.252041,3.25794e-15,-5.0243e-15,0,0,-8.84404e-16,0,9.20251e-15,-7.82376e-16,1.03362e-15,0,0,-8.84404e-16,0,9.20251e-15,-7.82376e-16,1.03362e-15,0,1378838183,23223,
0.811131,0.721549,1.00819,0,0,-1.14262,0.500457,0.375745,-0.00194886,0,-7.5757e-15,-1.33568e-14,0.686556,0.693006,1.85048,0.0720345,0.53783,-3.51308e-15,-9.20957e-15,0,-1.64429,-0.00950195,-0.115025,0.190964,-0.252041,3.33645e-15,-4.86729e-15,0,0,-9.1323e-16,0,9.18335e-15,-8.2727e-16,1.06465e-15,0,0,-9.1323e-16,0,9.18335e-15,-8.2727e-16,1.06465e-15,0,1378838183,48205,
0.812049,0.720844,1.00819,0,0,-1.12998,0.498401,0.36321,-0.00180689,0,-7.67383e-15,-1.34697e-14,0.68919,0.674806,1.86808,0.073521,0.544034,-3.50327e-15,-9.23901e-15,0,-1.65298,0.00920517,-0.045936,0.200649,-0.291706,3.4542e-15,-4.98504e-15,0,0,-9.27643e-16,0,9.23786e-15,-8.31994e-16,1.13468e-15,0,0,-9.27643e-16,0,9.23786e-15,-8.31994e-16,1.13468e-15,0,1378838183,73255,
0.812874,0.721568,1.00759,0,0,-1.11497,0.493471,0.344416,-0.00192423,0,-7.81121e-15,-1.3635e-14,0.696077,0.654803,1.86841,0.073931,0.539287,-3.53271e-15,-9.23411e-15,0,-1.60981,-0.0639821,-0.978925,0.155046,-0.134885,3.49346e-15,-4.74953e-15,0,0,-9.34849e-16,0,9.33641e-15,-9.06278e-16,1.03273e-15,0,0,-9.34849e-16,0,9.33641e-15,-9.06278e-16,1.03273e-15,0,1378838183,98194,
0.813186,0.721576,1.01078,0,0,-1.10026,0.490078,0.326955,-0.00183865,0,-7.75233e-15,-1.37914e-14,0.710701,0.630045,1.8499,0.0729156,0.53142,-3.47383e-15,-9.31261e-15,0,-1.62596,-0.0814726,-1.34309,0.123527,-0.0838615,3.49346e-15,-4.74953e-15,0,0,-9.38452e-16,0,9.46059e-15,-8.79035e-16,9.48927e-16,0,0,-9.38452e-16,0,9.46059e-15,-8.79035e-16,9.48927e-16,0,1378838183,123255,
0.813186,0.721576,1.01078,0,0,-1.10026,0.490078,0.326955,-0.00183865,0,-7.73271e-15,-1.38325e-14,0.710701,0.630045,1.8499,0.0729156,0.53142,-3.47383e-15,-9.31261e-15,0,-1.62596,-0.0814726,-1.34309,0.123527,-0.0838615,3.49346e-15,-4.74953e-15,0,0,-9.40254e-16,0,9.52088e-15,-8.88558e-16,9.67312e-16,0,0,-9.40254e-16,0,9.52088e-15,-8.88558e-16,9.67312e-16,0,1378838183,148224,
0.812427,0.720529,1.01577,0,0,-1.09204,0.478313,0.310861,-0.00283389,0,-7.71308e-15,-1.37702e-14,0.74745,0.609668,1.81457,0.0778319,0.535464,-3.48855e-15,-9.43527e-15,0,-1.63815,-0.0796662,-1.45126,0.112193,-0.0621174,3.49346e-15,-4.82803e-15,0,0,-9.41155e-16,0,9.55012e-15,-9.76465e-16,8.48738e-16,0,0,-9.41155e-16,0,9.55012e-15,-9.76465e-16,8.48738e-16,0,1378838183,173259,
0.813184,0.721222,1.02047,0,0,-1.08836,0.460125,0.289184,-0.00437183,0,-7.73271e-15,-1.38743e-14,0.788172,0.591122,1.78529,0.0833825,0.530705,-3.4542e-15,-9.49415e-15,0,-1.65051,-0.0737877,-1.52637,0.105232,-0.0428033,3.63084e-15,-4.7299e-15,0,0,-1.02011e-15,0,9.7213e-15,-1.03411e-15,7.25117e-16,0,0,-1.02011e-15,0,9.7213e-15,-1.03411e-15,7.25117e-16,0,1378838183,198201,
0.813895,0.722146,1.02696,0,0,-1.09567,0.441581,0.275169,-0.00606376,0,-7.69345e-15,-1.40198e-14,0.839694,0.587072,1.72287,0.0870643,0.533832,-3.39042e-15,-9.41074e-15,0,-1.66541,-0.0640355,-1.25518,0.105795,-0.0305816,3.65046e-15,-4.63177e-15,0,0,-9.81083e-16,0,9.84592e-15,-9.43067e-16,6.30915e-16,0,0,-9.81083e-16,0,9.84592e-15,-9.43067e-16,6.30915e-16,0,1378838183,223222,
0.813895,0.722146,1.02696,0,0,-1.09567,0.441581,0.275169,-0.00606376,0,-7.67383e-15,-1.40632e-14,0.839694,0.587072,1.72287,0.0870643,0.533832,-3.31682e-15,-9.3028e-15,0,-1.66541,-0.0640355,-1.25518,0.105795,-0.0305816,3.65046e-15,-4.59252e-15,0,0,-9.61569e-16,0,9.84924e-15,-8.43072e-16,7.4414e-16,0,0,-9.61569e-16,0,9.84924e-15,-8.43072e-16,7.4414e-16,0,1378838183,248207,
0.813844,0.723489,1.03511,0,0,-1.1074,0.417967,0.26271,-0.00813527,0,-7.77196e-15,-1.39887e-14,0.899928,0.579023,1.64934,0.0916354,0.534959,-3.47383e-15,-9.22429e-15,0,-1.67795,-0.0576707,-0.747002,0.106625,-0.0268651,3.76822e-15,-4.55327e-15,0,0,-9.51812e-16,0,9.86065e-15,-9.55594e-16,7.33664e-16,0,0,-9.51812e-16,0,9.86065e-15,-9.55594e-16,7.33664e-16,0,1378838183,273253,
0.812448,0.72393,1.04193,0,0,-1.12503,0.392445,0.248816,-0.0101595,0,-7.79158e-15,-1.39775e-14,0.967097,0.572726,1.57374,0.0931697,0.538538,-3.37079e-15,-9.12616e-15,0,-1.68413,-0.0478755,-0.312354,0.106659,-0.032455,3.76822e-15,-4.63177e-15,0,0,-9.46934e-16,0,9.87124e-15,-9.74666e-16,7.39012e-16,0,0,-9.46934e-16,0,9.87124e-15,-9.74666e-16,7.39012e-16,0,1378838183,298178,
0.812448,0.72393,1.04193,0,0,-1.12503,0.392445,0.248816,-0.0101595,0,-7.81121e-15,-1.40575e-14,0.967097,0.572726,1.57374,0.0931697,0.538538,-3.29719e-15,-9.13843e-15,0,-1.68413,-0.0478755,-0.312354,0.106659,-0.032455,3.76822e-15,-4.71028e-15,0,0,-9.44495e-16,0,9.87897e-15,-9.90402e-16,7.49419e-16,0,0,-9.44495e-16,0,9.87897e-15,-9.90402e-16,7.49419e-16,0,1378838183,323204,
0.812826,0.725572,1.05116,0,0,-1.14829,0.377211,0.243226,-0.0115669,0,-7.77196e-15,-1.42068e-14,1.02801,0.566735,1.4977,0.094214,0.55665,-3.31927e-15,-9.14088e-15,0,-1.69939,-0.0459811,-0.121173,0.11134,-0.0462907,3.76822e-15,-4.63177e-15,0,0,-8.6477e-16,0,1.00411e-14,-8.72867e-16,6.81203e-16,0,0,-8.6477e-16,0,1.00411e-14,-8.72867e-16,6.81203e-16,0,1378838183,348229,
0.811263,0.726715,1.0571,0,0,-1.1694,0.354313,0.232537,-0.0131448,0,-7.67383e-15,-1.41001e-14,1.09201,0.558125,1.42425,0.0962494,0.550964,-3.35546e-15,-9.1924e-15,0,-1.69298,-0.0538815,-0.666708,0.105468,-0.0352632,3.84673e-15,-4.63177e-15,0,0,-9.03413e-16,0,1.0162e-14,-9.54028e-16,6.10995e-16,0,0,-9.03413e-16,0,1.0162e-14,-9.54028e-16,6.10995e-16,0,1378838183,373234,
0.810402,0.728049,1.06316,0,0,-1.18946,0.336644,0.220356,-0.0139862,0,-7.81121e-15,-1.4275e-14,1.15281,0.544121,1.33886,0.0947759,0.562466,-3.32602e-15,-9.17017e-15,0,-1.69388,-0.0475851,-0.468421,0.110025,-0.0603826,4.00374e-15,-4.63177e-15,0,0,-9.22734e-16,0,1.02031e-14,-1.04804e-15,6.17025e-16,0,0,-9.22734e-16,0,1.02031e-14,-1.04804e-15,6.17025e-16,0,1378838183,398181,
0.811473,0.730408,1.06805,0,0,-1.20976,0.321212,0.207598,-0.0144352,0,-7.94859e-15,-1.43096e-14,1.19145,0.527641,1.24623,0.0959188,0.541291,-3.36589e-15,-9.25619e-15,0,-1.70954,-0.0249961,-0.0633542,0.141248,-0.146382,4.00374e-15,-4.63177e-15,0,0,-9.32395e-16,0,1.0214e-14,-1.2154e-15,7.09451e-16,0,0,-9.32395e-16,0,1.0214e-14,-1.2154e-15,7.09451e-16,0,1378838183,423402,
0.811473,0.730408,1.06805,0,0,-1.20976,0.321212,0.207598,-0.0144352,0,-8.0271e-15,-1.4393e-14,1.19145,0.527641,1.24623,0.0959188,0.541291,-3.36343e-15,-9.34696e-15,0,-1.70954,-0.0249961,-0.0633542,0.141248,-0.146382,4.00374e-15,-4.63177e-15,0,0,-9.37225e-16,0,1.02146e-14,-1.40494e-15,6.77782e-16,0,0,-9.37225e-16,0,1.02146e-14,-1.40494e-15,6.77782e-16,0,1378838183,448105,
0.8107,0.733009,1.0734,0,0,-1.22348,0.306289,0.196999,-0.0147746,0,-7.98785e-15,-1.43562e-14,1.23679,0.508046,1.14146,0.0952828,0.541708,-3.37079e-15,-9.34696e-15,0,-1.7135,-0.0349022,-0.0249857,0.130563,-0.134793,3.92523e-15,-4.71028e-15,0,0,-9.3964e-16,0,1.0291e-14,-1.46642e-15,7.38348e-16,0,0,-9.3964e-16,0,1.0291e-14,-1.46642e-15,7.38348e-16,0,1378838183,473396,
0.810886,0.734549,1.0779,0,0,-1.23672,0.29343,0.185376,-0.0147689,0,-7.88971e-15,-1.44142e-14,1.27397,0.491975,1.08525,0.0944462,0.54253,-3.26285e-15,-9.24883e-15,0,-1.72331,-0.0215618,0.111467,0.149416,-0.207696,3.80747e-15,-4.63177e-15,0,0,-1.01935e-15,0,1.0328e-14,-1.53961e-15,7.27119e-16,0,0,-1.01935e-15,0,1.0328e-14,-1.53961e-15,7.27119e-16,0,1378838183,498090,
0.808618,0.736097,1.0829,0,0,-1.23672,0.286181,0.17543,-0.028105,0,-7.83084e-15,-1.43559e-14,1.30596,0.474762,1.03648,0.0945865,0.539439,-3.30701e-15,-9.27827e-15,0,-1.72992,-0.0254706,0.245148,0.169057,-0.201436,3.68972e-15,-4.71028e-15,0,0,-1.05921e-15,0,1.02282e-14,-1.49991e-15,7.00145e-16,0,0,-1.05921e-15,0,1.02282e-14,-1.49991e-15,7.00145e-16,0,1378838183,523246,
0.808618,0.736097,1.0829,0,0,-1.25023,0.283859,0.179227,-0.0149391,0,-7.79158e-15,-1.43792e-14,1.31252,0.478167,1.02217,0.0945865,0.539439,-3.32663e-15,-9.39602e-15,0,-1.72958,-0.0275546,0.140963,0.169057,-0.243493,3.68972e-15,-4.71028e-15,0,0,-9.22127e-16,0,1.02368e-14,-1.45514e-15,7.73808e-16,0,0,-9.22127e-16,0,1.02368e-14,-1.45514e-15,7.73808e-16,0,1378838183,548206,
0.810119,0.732897,1.08636,0,0,-1.2536,0.281675,0.177343,-0.0149268,0,-7.69345e-15,-1.44228e-14,1.3342,0.441156,0.932061,0.0891579,0.553148,-3.34626e-15,-9.48925e-15,0,-1.73419,-0.0269545,0.125159,0.186036,-0.274131,3.65046e-15,-4.71028e-15,0,0,-9.32091e-16,0,1.02312e-14,-1.46328e-15,8.04997e-16,0,0,-9.32091e-16,0,1.02312e-14,-1.46328e-15,8.04997e-16,0,1378838183,573245,
0.811678,0.732977,1.08542,0,0,-1.25575,0.276679,0.165838,-0.0141981,0,-7.61495e-15,-1.43253e-14,1.34418,0.423766,0.860457,0.0861325,0.543718,-3.40514e-15,-9.55794e-15,0,-1.73349,-0.0352398,0.0933022,0.189327,-0.264638,3.68972e-15,-4.55327e-15,0,0,-9.37073e-16,0,1.03019e-14,-1.54586e-15,8.12788e-16,0,0,-9.37073e-16,0,1.03019e-14,-1.54586e-15,8.12788e-16,0,1378838183,598105,
0.810452,0.731505,1.08583,0,0,-1.26034,0.269915,0.155896,-0.0136878,0,-7.5757e-15,-1.43357e-14,1.36319,0.409504,0.750869,0.0859896,0.529121,-3.49346e-15,-9.5285e-15,0,-1.72741,-0.0358702,0.0601092,0.191226,-0.271698,3.76822e-15,-4.55327e-15,0,0,-9.39564e-16,0,1.04132e-14,-1.54351e-15,6.92535e-16,0,0,-9.39564e-16,0,1.04132e-14,-1.54351e-15,6.92535e-16,0,1378838183,623149,
0.810452,0.731505,1.08583,0,0,-1.26034,0.269915,0.155896,-0.0136878,0,-7.55607e-15,-1.43308e-14,1.36319,0.409504,0.750869,0.0859896,0.529121,-3.63084e-15,-9.607e-15,0,-1.72741,-0.0358702,0.0601092,0.191226,-0.271698,3.76822e-15,-4.55327e-15,0,0,-9.4081e-16,0,1.04677e-14,-1.72485e-15,6.0834e-16,0,0,-9.4081e-16,0,1.04677e-14,-1.72485e-15,6.0834e-16,0,1378838183,648143,
0.808647,0.730296,1.08727,0,0,-1.26766,0.264758,0.14638,-0.0131153,0,-7.63457e-15,-1.43921e-14,1.38381,0.403915,0.684244,0.0853251,0.518685,-3.66028e-15,-9.72476e-15,0,-1.72487,-0.0348168,0.0547126,0.191721,-0.285397,3.84673e-15,-4.63177e-15,0,0,-9.41433e-16,0,1.04158e-14,-1.86795e-15,4.35829e-16,0,0,-9.41433e-16,0,1.04158e-14,-1.86795e-15,4.35829e-16,0,1378838183,673266,
0.810492,0.731171,1.0863,0,0,-1.28124,0.263238,0.136303,-0.0123358,0,-7.59532e-15,-1.4413e-14,1.39558,0.413775,0.660423,0.0803906,0.49461,-3.59159e-15,-9.71495e-15,0,-1.73092,-0.030217,0.0724156,0.189021,-0.292994,3.92523e-15,-4.78878e-15,0,0,-8.63239e-16,0,1.05465e-14,-1.81051e-15,4.80317e-16,0,0,-8.63239e-16,0,1.05465e-14,-1.81051e-15,4.80317e-16,0,1378838183,698086,
0.810492,0.731171,1.0863,0,0,-1.28124,0.263238,0.136303,-0.0123358,0,-7.5757e-15,-1.43897e-14,1.39558,0.413775,0.660423,0.0803906,0.49461,-3.48364e-15,-9.65607e-15,0,-1.73092,-0.030217,0.0724156,0.189021,-0.292994,3.92523e-15,-5.0243e-15,0,0,-8.24143e-16,0,1.05725e-14,-1.74308e-15,5.28525e-16,0,0,-8.24143e-16,0,1.05725e-14,-1.74308e-15,5.28525e-16,0,1378838183,723284,
0.810943,0.73192,1.08568,0,0,-1.29225,0.263512,0.129931,-0.011792,0,-7.5757e-15,-1.41382e-14,1.40367,0.430837,0.649349,0.080057,0.457654,-3.50327e-15,-9.71495e-15,0,-1.73556,-0.0281511,0.0933278,0.188547,-0.297205,3.80747e-15,-5.18131e-15,0,0,-8.04595e-16,0,1.0762e-14,-1.56802e-15,5.85159e-16,0,0,-8.04595e-16,0,1.0762e-14,-1.56802e-15,5.85159e-16,0,1378838183,748111,
0.810493,0.732468,1.08786,0,0,-1.29127,0.266358,0.124059,-0.0111228,0,-7.49719e-15,-1.4386e-14,1.40421,0.440492,0.583845,0.0844521,0.432842,-3.46402e-15,-9.66588e-15,0,-1.73062,-0.0323619,0.0359686,0.191868,-0.292826,3.76822e-15,-5.25981e-15,0,0,-7.9482e-16,0,1.07095e-14,-1.65498e-15,6.39515e-16,0,0,-7.9482e-16,0,1.07095e-14,-1.65498e-15,6.39515e-16,0,1378838183,773444,
0.810446,0.734583,1.09102,0,0,-1.28204,0.270254,0.12164,-0.0106937,0,-7.61495e-15,-1.42927e-14,1.40108,0.443216,0.548088,0.0855262,0.427502,-3.43458e-15,-9.64626e-15,0,-1.73395,-0.0402536,0.0400183,0.194273,-0.284718,3.68972e-15,-5.41682e-15,0,0,-7.89933e-16,0,1.08452e-14,-1.77238e-15,4.88338e-16,0,0,-7.89933e-16,0,1.08452e-14,-1.77238e-15,4.88338e-16,0,1378838183,798064,
0.812364,0.734671,1.0886,0,0,-1.268,0.274295,0.112833,-0.00967811,0,-7.83084e-15,-1.42707e-14,1.38057,0.450314,0.50916,0.0999381,0.421883,-3.4493e-15,-9.58738e-15,0,-1.73907,-0.0438284,0.0766576,0.189321,-0.284747,3.68972e-15,-5.57383e-15,0,0,-7.08985e-16,0,1.0837e-14,-1.634e-15,6.40034e-16,0,0,-7.08985e-16,0,1.0837e-14,-1.634e-15,6.40034e-16,0,1378838183,823645,
0.812364,0.734671,1.0886,0,0,-1.268,0.274295,0.112833,-0.00967811,0,-7.92897e-15,-1.41308e-14,1.38057,0.450314,0.50916,0.0999381,0.421883,-3.50818e-15,-9.69532e-15,0,-1.73907,-0.0438284,0.0766576,0.189321,-0.284747,3.68972e-15,-5.73084e-15,0,0,-6.68511e-16,0,1.09518e-14,-1.47938e-15,6.73737e-16,0,0,-6.68511e-16,0,1.09518e-14,-1.47938e-15,6.73737e-16,0,1378838183,848403,
0.813134,0.735176,1.08873,0,0,-1.26124,0.280831,0.110716,-0.00922048,0,-7.98785e-15,-1.41873e-14,1.37954,0.46086,0.505887,0.11114,0.412665,-3.43458e-15,-9.65607e-15,0,-1.73528,-0.0482334,0.0347963,0.190511,-0.289359,3.65046e-15,-5.80934e-15,0,0,-6.48274e-16,0,1.0794e-14,-1.71841e-15,6.11249e-16,0,0,-6.48274e-16,0,1.0794e-14,-1.71841e-15,6.11249e-16,0,1378838183,873407,
0.812712,0.735376,1.08742,0,0,-1.25459,0.283899,0.109889,-0.00900419,0,-7.92897e-15,-1.42486e-14,1.38431,0.475961,0.509825,0.118425,0.389949,-3.43212e-15,-9.78364e-15,0,-1.7306,-0.0490417,0.0185532,0.183874,-0.30006,3.72897e-15,-5.88785e-15,0,0,-5.59651e-16,0,1.06467e-14,-1.68179e-15,5.112e-16,0,0,-5.59651e-16,0,1.06467e-14,-1.68179e-15,5.112e-16,0,1378838183,898329,
0.812712,0.735376,1.08742,0,0,-1.25459,0.283899,0.109889,-0.00900419,0,-7.88971e-15,-1.43639e-14,1.38431,0.475961,0.509825,0.118425,0.389949,-3.43212e-15,-9.94065e-15,0,-1.7306,-0.0490417,0.0185532,0.183874,-0.30006,3.72897e-15,-5.96635e-15,0,0,-4.36835e-16,0,1.06173e-14,-1.64323e-15,5.10338e-16,0,0,-4.36835e-16,0,1.06173e-14,-1.64323e-15,5.10338e-16,0,1378838183,923439,
0.812094,0.735088,1.09017,0,0,-1.24456,0.289537,0.106302,-0.00845413,0,-7.88971e-15,-1.4462e-14,1.38112,0.480564,0.482035,0.127135,0.376304,-3.51615e-15,-1.01075e-14,0,-1.72901,-0.0477629,0.0288778,0.184379,-0.301933,3.76822e-15,-5.88785e-15,0,0,-3.75427e-16,0,1.07426e-14,-1.62753e-15,4.78139e-16,0,0,-3.75427e-16,0,1.07426e-14,-1.62753e-15,4.78139e-16,0,1378838183,948741,
0.811609,0.73447,1.08676,0,0,-1.22558,0.294807,0.0992252,-0.00760898,0,-7.90934e-15,-1.44473e-14,1.40228,0.474319,0.558292,0.102545,0.354326,-3.50572e-15,-1.02154e-14,0,-1.72312,-0.0519248,0.0127425,0.179306,-0.281478,3.84673e-15,-5.88785e-15,0,0,-4.23227e-16,0,1.07574e-14,-1.63773e-15,3.98355e-16,0,0,-4.23227e-16,0,1.07574e-14,-1.63773e-15,3.98355e-16,0,1378838183,973449,
0.811854,0.73467,1.08232,0,0,-1.20865,0.294633,0.0876065,-0.00662292,0,-7.97803e-15,-1.4359e-14,1.40501,0.473586,0.594993,0.0949886,0.334304,-3.57441e-15,-1.0186e-14,0,-1.71806,-0.0547156,0.0310834,0.175478,-0.260226,3.84673e-15,-6.04486e-15,0,0,-5.25632e-16,0,1.07409e-14,-1.53661e-15,4.20478e-16,0,0,-5.25632e-16,0,1.07409e-14,-1.53661e-15,4.20478e-16,0,1378838183,998326,
0.811854,0.73467,1.08232,0,0,-1.20865,0.294633,0.0876065,-0.00662292,0,-8.00747e-15,-1.43418e-14,1.40501,0.473586,0.594993,0.0949886,0.334304,-3.63329e-15,-1.0235e-14,0,-1.71806,-0.0547156,0.0310834,0.175478,-0.260226,3.84673e-15,-6.04486e-15,0,0,-5.76835e-16,0,1.076e-14,-1.44192e-15,4.50596e-16,0,0,-5.76835e-16,0,1.076e-14,-1.44192e-15,4.50596e-16,0,1378838184,23124,
0.809833,0.733256,1.08474,0,0,-1.20241,0.298434,0.0898404,-0.0066521,0,-7.88971e-15,-1.42731e-14,1.41336,0.475719,0.631045,0.0954813,0.329474,-3.63084e-15,-1.02841e-14,0,-1.7115,-0.0514352,0.0294821,0.179838,-0.261166,3.80747e-15,-6.04486e-15,0,0,-4.45427e-16,0,1.08224e-14,-1.364e-15,3.71078e-16,0,0,-4.45427e-16,0,1.08224e-14,-1.364e-15,3.71078e-16,0,1378838184,48136,
0.81005,0.732003,1.0836,0,0,-1.18415,0.300843,0.0829962,-0.00598022,0,-7.95841e-15,-1.41554e-14,1.41042,0.46902,0.67051,0.089928,0.325274,-3.64065e-15,-1.02939e-14,0,-1.70648,-0.0528443,0.0167505,0.179122,-0.248857,3.84673e-15,-5.88785e-15,0,0,-5.36732e-16,0,1.09193e-14,-1.41304e-15,2.71229e-16,0,0,-5.36732e-16,0,1.09193e-14,-1.41304e-15,2.71229e-16,0,1378838184,73499,
0.809119,0.730124,1.08507,0,0,-1.17279,0.301479,0.0764387,-0.00542945,0,-7.90934e-15,-1.40425e-14,1.40753,0.463678,0.674793,0.0922177,0.32334,-3.64065e-15,-1.02939e-14,0,-1.69844,-0.0503727,0.0130216,0.180634,-0.243526,3.84673e-15,-5.73084e-15,0,0,-5.0388e-16,0,1.09221e-14,-1.43152e-15,1.45608e-16,0,0,-5.0388e-16,0,1.09221e-14,-1.43152e-15,1.45608e-16,0,1378838184,98345,
0.810188,0.728711,1.08336,0,0,-1.1671,0.29937,0.0686021,-0.00488723,0,-7.97803e-15,-1.41088e-14,1.40551,0.462689,0.673354,0.0904968,0.31099,-3.53271e-15,-1.03234e-14,0,-1.69334,-0.0411099,0.0113397,0.176562,-0.230895,3.72897e-15,-5.65233e-15,0,0,-4.08949e-16,0,1.10185e-14,-1.36564e-15,2.57636e-16,0,0,-4.08949e-16,0,1.10185e-14,-1.36564e-15,2.57636e-16,0,1378838184,123130,
0.810188,0.728711,1.08336,0,0,-1.1671,0.29937,0.0686021,-0.00488723,0,-8.18411e-15,-1.42265e-14,1.40551,0.462689,0.673354,0.0904968,0.31099,-3.42967e-15,-1.0392e-14,0,-1.69334,-0.0411099,0.0113397,0.176562,-0.230895,3.68972e-15,-5.49532e-15,0,0,-3.61484e-16,0,1.11141e-14,-1.28816e-15,3.30778e-16,0,0,-3.61484e-16,0,1.11141e-14,-1.28816e-15,3.30778e-16,0,1378838184,148317,
0.810074,0.728248,1.08322,0,0,-1.15197,0.298633,0.0627565,-0.00441881,0,-8.1056e-15,-1.4229e-14,1.39899,0.456872,0.689417,0.0907359,0.304949,-3.40023e-15,-1.05981e-14,0,-1.68476,-0.0388803,0.0023978,0.17544,-0.216642,3.65046e-15,-5.49532e-15,0,0,-4.16256e-16,0,1.11071e-14,-1.17134e-15,3.60393e-16,0,0,-4.16256e-16,0,1.11071e-14,-1.17134e-15,3.60393e-16,0,1378838184,173670,
0.809967,0.72726,1.08225,0,0,-1.13853,0.300577,0.0605104,-0.00416622,0,-7.96822e-15,-1.42584e-14,1.39845,0.449132,0.691578,0.0884108,0.31781,-3.29965e-15,-1.05098e-14,0,-1.67347,-0.0360725,0.0182581,0.170106,-0.2114,3.57196e-15,-5.57383e-15,0,0,-4.43642e-16,0,1.10763e-14,-1.22009e-15,4.22842e-16,0,0,-4.43642e-16,0,1.10763e-14,-1.22009e-15,4.22842e-16,0,1378838184,198301,
0.809967,0.72726,1.08225,0,0,-1.13853,0.300577,0.0605104,-0.00416622,0,-7.81121e-15,-1.41799e-14,1.39845,0.449132,0.691578,0.0884108,0.31781,-3.16226e-15,-1.0392e-14,0,-1.67347,-0.0360725,0.0182581,0.170106,-0.2114,3.57196e-15,-5.65233e-15,0,0,-4.57335e-16,0,1.10472e-14,-1.31684e-15,4.24941e-16,0,0,-4.57335e-16,0,1.10472e-14,-1.31684e-15,4.24941e-16,0,1378838184,223884,
0.811727,0.72772,1.07688,0,0,-1.13033,0.297019,0.0506214,-0.00350707,0,-7.62476e-15,-1.41505e-14,1.39911,0.455635,0.750765,0.0853387,0.308235,-3.23832e-15,-1.04902e-14,0,-1.67125,-0.0162421,0.0653438,0.165933,-0.235706,3.4542e-15,-5.49532e-15,0,0,-5.42686e-16,0,1.10257e-14,-1.43642e-15,3.26077e-16,0,0,-5.42686e-16,0,1.10257e-14,-1.43642e-15,3.26077e-16,0,1378838184,248367,
0.81086,0.726415,1.07801,0,0,-1.11408,0.296632,0.0454757,-0.00310128,0,-7.78177e-15,-1.42191e-14,1.39971,0.444016,0.775142,0.0869361,0.321487,-3.20888e-15,-1.05392e-14,0,-1.66993,-0.0086615,0.114932,0.169054,-0.247304,3.3757e-15,-5.57383e-15,0,0,-5.06857e-16,0,1.10509e-14,-1.544e-15,2.23265e-16,0,0,-5.06857e-16,0,1.10509e-14,-1.544e-15,2.23265e-16,0,1378838184,273190,
0.810742,0.725512,1.07751,0,0,-1.11149,0.295772,0.0433159,-0.00295628,0,-7.88971e-15,-1.43369e-14,1.40387,0.442279,0.789148,0.0853096,0.322041,-3.2285e-15,-1.04804e-14,0,-1.66694,0.00233329,0.137931,0.170271,-0.258838,3.49346e-15,-5.41682e-15,0,0,-4.88942e-16,0,1.10814e-14,-1.46557e-15,1.23831e-16,0,0,-4.88942e-16,0,1.10814e-14,-1.46557e-15,1.23831e-16,0,1378838184,298358,
0.81166,0.72583,1.07496,0,0,-1.10851,0.290665,0.0346606,-0.00241116,0,-7.84065e-15,-1.40916e-14,1.40864,0.446203,0.840552,0.0846383,0.312789,-3.19906e-15,-1.05196e-14,0,-1.66458,0.00979821,0.168086,0.16756,-0.260294,3.57196e-15,-5.49532e-15,0,0,-4.79985e-16,0,1.11841e-14,-1.50031e-15,1.76815e-16,0,0,-4.79985e-16,0,1.11841e-14,-1.50031e-15,1.76815e-16,0,1378838184,323295,
0.81166,0.72583,1.07496,0,0,-1.10851,0.290665,0.0346606,-0.00241116,0,-7.72289e-15,-1.4018e-14,1.40864,0.446203,0.840552,0.0846383,0.312789,-3.10093e-15,-1.05098e-14,0,-1.66458,0.00979821,0.168086,0.16756,-0.260294,3.68972e-15,-5.73084e-15,0,0,-4.75506e-16,0,1.12399e-14,-1.46897e-15,1.80631e-16,0,0,-4.75506e-16,0,1.12399e-14,-1.46897e-15,1.80631e-16,0,1378838184,348454,
0.812269,0.725881,1.07639,0,0,-1.10048,0.288602,0.0273425,-0.00190194,0,-7.8014e-15,-1.41456e-14,1.40981,0.445896,0.892491,0.0866254,0.307825,-3.15981e-15,-1.03332e-14,0,-1.66362,0.0109064,0.177469,0.168869,-0.257159,3.65046e-15,-5.73084e-15,0,0,-4.73267e-16,0,1.13485e-14,-1.60711e-15,1.34188e-16,0,0,-4.73267e-16,0,1.13485e-14,-1.60711e-15,1.34188e-16,0,1378838184,373396,
0.811441,0.726628,1.07798,0,0,-1.10332,0.289112,0.0327298,-0.00227961,0,-7.89953e-15,-1.39836e-14,1.41553,0.456301,0.939948,0.0862346,0.307358,-3.15981e-15,-1.03086e-14,0,-1.66231,0.00895803,0.179643,0.171291,-0.256907,3.72897e-15,-5.80934e-15,0,0,-4.72147e-16,0,1.1404e-14,-1.72429e-15,0,0,0,-4.72147e-16,0,1.1404e-14,-1.72429e-15,0,0,1378838184,398164,
0.811441,0.726628,1.07798,0,0,-1.10332,0.289112,0.0327298,-0.00227961,0,-7.95841e-15,-1.39836e-14,1.41553,0.456301,0.939948,0.0862346,0.307358,-3.15981e-15,-1.03086e-14,0,-1.66231,0.00895803,0.179643,0.171291,-0.256907,3.76822e-15,-5.73084e-15,0,0,-4.71588e-16,0,1.15108e-14,-1.65459e-15,-1.86413e-16,0,0,-4.71588e-16,0,1.15108e-14,-1.65459e-15,-1.86413e-16,0,1378838184,423394,
0.81315,0.727655,1.07973,0,0,-1.09905,0.289782,0.0303833,-0.00209926,0,-7.96822e-15,-1.39002e-14,1.40805,0.460396,0.972877,0.0883958,0.300993,-3.27757e-15,-1.02743e-14,0,-1.66808,0.00560641,0.227554,0.173259,-0.24739,3.68972e-15,-5.65233e-15,0,0,-5.49812e-16,0,1.1643e-14,-1.62721e-15,-1.47441e-16,0,0,-5.49812e-16,0,1.1643e-14,-1.62721e-15,-1.47441e-16,0,1378838184,448142,
